Trip ID,Traveller Name,Departure Date,Return Date,Departure City,Arrival City
1,Anderson Hudson,08/11/2024,13/11/2024,Barcelona,Paris
2,Zane Osborne,13/08/2024,16/08/2024,Rome,Amsterdam
3,Adrianna Price,01/11/2024,10/11/2024,Paris,Munich
4,Regan Solis,09/05/2024,23/05/2024,Barcelona,London
5,Charlotte Shepherd,04/09/2024,15/09/2024,Prague,Madrid
6,Paula Hays,04/02/2024,10/02/2024,Amsterdam,Florence
7,Aliza Mullins,07/09/2024,20/09/2024,Barcelona,Vienna
8,Elisabeth Holland,11/01/2024,14/01/2024,Berlin,Lisbon
9,Dante Kline,21/10/2024,03/11/2024,London,Budapest
10,Anika Mccoy,09/06/2024,23/06/2024,Brussels,Barcelona
11,Simeon Mercer,04/07/2024,07/07/2024,Dublin,Rome
12,Tessa Wilkerson,17/10/2024,25/10/2024,Madrid,Zurich
13,Augustus Landry,18/05/2024,31/05/2024,London,Prague
14,Parker Robertson,04/10/2024,14/10/2024,Paris,Berlin
15,Mohamed Owens,19/06/2024,24/06/2024,Barcelona,Amsterdam
16,Daisy Kirk,02/04/2024,13/04/2024,Vienna,London
17,August Mcgrath,11/08/2024,18/08/2024,Munich,Barcelona
18,Abram Moreno,16/06/2024,29/06/2024,Milan,Dublin
19,Danica Randolph,24/12/2024,01/01/2025,Barcelona,Paris
20,Jada West,05/09/2024,19/09/2024,Zurich,Barcelona
21,Isabela Hoffman,09/11/2024,18/11/2024,London,Lisbon
22,Violet Wade,06/01/2024,20/01/2024,Budapest,London
23,Alec Fox,16/06/2024,19/06/2024,Florence,Barcelona
24,Levi Todd,30/01/2024,08/02/2024,Amsterdam,Vienna
25,Rhys Jacobs,29/04/2024,02/05/2024,Barcelona,Munich
26,Peter Alexander,02/02/2024,09/02/2024,Prague,Barcelona
27,Dominik House,30/11/2024,06/12/2024,Lisbon,Berlin
28,Larry Osborn,21/03/2024,04/04/2024,Vienna,Barcelona
29,Trinity Mcconnell,28/04/2024,07/05/2024,London,Madrid
30,Aydin Whitney,21/06/2024,01/07/2024,Barcelona,Budapest
31,Maren Kline,16/07/2024,22/07/2024,Rome,London
32,Todd Lloyd,20/02/2024,01/03/2024,Berlin,Barcelona
33,Craig Parrish,06/10/2024,11/10/2024,Barcelona,Prague
34,Miriam Sanchez,04/10/2024,13/10/2024,Paris,Milan
35,Anabel Schneider,03/06/2024,14/06/2024,Madrid,Barcelona
36,Mitchell Durham,18/12/2024,28/12/2024,Dublin,Amsterdam
37,Hazel Mathews,08/04/2024,15/04/2024,Barcelona,London
38,Allyson Pineda,29/12/2024,01/01/2025,Brussels,Madrid
39,Veronica Shaw,19/08/2024,23/08/2024,Zurich,Barcelona
40,Mariah Ellison,10/05/2024,21/05/2024,Barcelona,Lisbon
41,Raquel Hays,03/03/2024,06/03/2024,Budapest,Madrid
42,Neil Foster,09/07/2024,21/07/2024,Florence,London
43,Alaina Burke,16/03/2024,20/03/2024,Amsterdam,Barcelona
44,Kenyon Davies,23/09/2024,03/10/2024,Munich,Paris
45,Fernando Savage,29/03/2024,04/04/2024,Lisbon,London
46,Willow Andrews,23/03/2024,28/03/2024,Vienna,Barcelona
47,Justine Schmitt,18/08/2024,25/08/2024,London,Vienna
48,Kristopher Arellano,10/07/2024,18/07/2024,Milan,Madrid
49,Carla Cain,19/02/2024,02/03/2024,Barcelona,Zurich
50,Savion Prince,06/11/2024,12/11/2024,Berlin,Paris
51,Bryanna Logan,18/09/2024,27/09/2024,London,Budapest
52,Alexis Weber,03/04/2024,13/04/2024,Barcelona,Florence
53,Lamar Strickland,30/01/2024,03/02/2024,Prague,London
54,Kaylynn Webb,05/08/2024,09/08/2024,Paris,London
55,Miles Garrett,07/01/2024,20/01/2024,Madrid,Brussels
56,Naomi Sherman,08/08/2024,16/08/2024,Amsterdam,Dublin
57,Anabelle Sharp,29/07/2024,04/08/2024,Lisbon,Barcelona
58,Arianna Sandoval,27/04/2024,30/04/2024,Vienna,London
59,Nathen Garrett,17/03/2024,21/03/2024,London,Munich
60,Miracle Browning,09/11/2024,23/11/2024,Barcelona,Milan
61,Carlos Santana,10/06/2024,13/06/2024,Brussels,Paris
62,Camille Delgado,02/09/2024,15/09/2024,Dublin,Barcelona
63,Sharon Gould,28/02/2024,06/03/2024,Barcelona,Brussels
64,Rowan Daniel,26/04/2024,30/04/2024,Zurich,Paris
65,Carlos Pena,21/11/2024,05/12/2024,Barcelona,Dublin
66,Lila Wyatt,06/03/2024,10/03/2024,Vienna,Milan
67,Daniela Donaldson,02/11/2024,16/11/2024,Milan,Barcelona
68,Milagros Pearson,28/07/2024,03/08/2024,Prague,Amsterdam
69,Myla Paul,25/11/2024,03/12/2024,Lisbon,Madrid
70,Milo Wilkins,24/12/2024,28/12/2024,Madrid,Milan
71,Deven Duarte,03/07/2024,07/07/2024,London,Rome
72,Jaidyn Hutchinson,13/08/2024,23/08/2024,Barcelona,London
73,Leilani Bond,05/08/2024,15/08/2024,Paris,Budapest
74,Francis Rowland,27/12/2024,09/01/2025,Amsterdam,Barcelona
75,Holly Stafford,13/02/2024,17/02/2024,Munich,London
76,Layne Gomez,27/08/2024,08/09/2024,Barcelona,Prague
77,Amina Bauer,30/12/2024,08/01/2025,Brussels,Lisbon
78,Maddison Curtis,11/08/2024,20/08/2024,Dublin,Berlin
79,Wyatt Travis,06/04/2024,16/04/2024,Vienna,Barcelona
80,Dean Griffin,02/12/2024,13/12/2024,London,Vienna
81,Sergio Le,20/12/2024,26/12/2024,Milan,Paris
82,Adison Nicholson,01/11/2024,05/11/2024,Madrid,Zurich
83,Cordell Kramer,21/06/2024,05/07/2024,Barcelona,Amsterdam
84,Adrien Shea,26/05/2024,31/05/2024,Paris,Munich
85,Santino Mcintosh,17/12/2024,30/12/2024,Barcelona,Lisbon
86,Lilian Gould,24/03/2024,29/03/2024,Budapest,London
87,Aria Kelley,30/03/2024,04/04/2024,Florence,Barcelona
88,Cecelia Craig,07/05/2024,21/05/2024,Amsterdam,Vienna
89,Jamie Bird,04/08/2024,17/08/2024,Barcelona,Munich
90,Geovanni Murphy,11/11/2024,23/11/2024,Prague,Barcelona
91,Lilly Marshall,21/08/2024,26/08/2024,Lisbon,Berlin
92,Raina Calhoun,11/08/2024,20/08/2024,Vienna,Barcelona
93,Nicholas Bates,21/01/2024,30/01/2024,London,Madrid
94,Haley Spears,24/04/2024,08/05/2024,Barcelona,Budapest
95,Nathen Contreras,25/11/2024,29/11/2024,Rome,London
96,Nadia Ryan,25/04/2024,02/05/2024,Berlin,Barcelona
97,Katrina Dunlap,09/10/2024,18/10/2024,Barcelona,Prague
98,Landyn Jarvis,01/01/2024,13/01/2024,Paris,Milan
99,Heaven Mosley,24/02/2024,09/03/2024,Madrid,Barcelona
100,Garrett Perez,24/03/2024,30/03/2024,Dublin,Amsterdam
101,Fernanda Kemp,11/09/2024,16/09/2024,Barcelona,London
102,Ada Oconnell,02/10/2024,16/10/2024,Brussels,Madrid
103,Phoenix Norris,29/10/2024,03/11/2024,Zurich,Barcelona
104,Santino Goodman,17/02/2024,02/03/2024,Barcelona,Lisbon
105,Valeria Bailey,28/03/2024,04/04/2024,Budapest,Madrid
106,Payton English,31/03/2024,03/04/2024,Florence,London
107,Gabriela Gill,24/03/2024,04/04/2024,Amsterdam,Barcelona
108,Joel Hoffman,24/11/2024,07/12/2024,Munich,Paris
109,Karina Harmon,29/10/2024,04/11/2024,Lisbon,London
110,Leslie Rice,15/02/2024,19/02/2024,Vienna,Barcelona
111,Felicity Barr,13/03/2024,21/03/2024,London,Vienna
112,Tatum Mcfarland,25/07/2024,28/07/2024,Milan,Madrid
113,Karen Logan,18/08/2024,21/08/2024,Barcelona,Zurich
114,Diana Perez,09/11/2024,20/11/2024,Berlin,Paris
115,Yusuf Santana,18/09/2024,22/09/2024,London,Budapest
116,Baron Steele,25/07/2024,08/08/2024,Barcelona,Florence
117,Brian Escobar,27/03/2024,07/04/2024,Prague,London
118,Abby Cantu,02/04/2024,08/04/2024,Paris,London
119,Vanessa Vazquez,04/12/2024,13/12/2024,Madrid,Brussels
120,Chace Macdonald,06/07/2024,20/07/2024,Amsterdam,Dublin
121,Jakobe Dennis,02/08/2024,15/08/2024,Lisbon,Barcelona
122,Tamara Lutz,23/03/2024,02/04/2024,Vienna,London
123,Mallory Rowland,10/12/2024,14/12/2024,London,Munich
124,Abdullah Hunter,21/04/2024,02/05/2024,Barcelona,Milan
125,Yair Morales,18/09/2024,23/09/2024,Brussels,Paris
126,Sean George,28/11/2024,09/12/2024,Dublin,Barcelona
127,Caitlin Summers,08/07/2024,19/07/2024,Barcelona,Brussels
128,Kailee Rhodes,22/02/2024,03/03/2024,Zurich,Paris
129,Mohammad Ortiz,24/07/2024,07/08/2024,Barcelona,Dublin
130,Diego Irwin,07/06/2024,13/06/2024,Vienna,Milan
131,Charity Marquez,26/08/2024,09/09/2024,Milan,Barcelona
132,Reese Baker,23/12/2024,03/01/2025,Prague,Amsterdam
133,Kiara Reilly,26/04/2024,10/05/2024,Lisbon,Madrid
134,Jackson Roman,29/09/2024,04/10/2024,Madrid,Milan
135,Katelynn Kline,28/11/2024,10/12/2024,London,Rome
136,Landen Hickman,04/04/2024,13/04/2024,Barcelona,London
137,Grayson Gross,14/08/2024,25/08/2024,Paris,Budapest
138,Kianna Mcfarland,24/08/2024,02/09/2024,Amsterdam,Barcelona
139,Marina Chapman,10/05/2024,17/05/2024,Munich,London
140,Lewis Woodward,22/06/2024,25/06/2024,Barcelona,Prague
141,Claudia Steele,09/02/2024,19/02/2024,Brussels,Lisbon
142,Alfonso Ali,19/10/2024,22/10/2024,Dublin,Berlin
143,Jakayla Flores,02/10/2024,11/10/2024,Vienna,Barcelona
144,Abagail Ford,08/09/2024,19/09/2024,London,Vienna
145,Ariella Meza,22/10/2024,31/10/2024,Milan,Paris
146,Kamden Lucero,18/11/2024,24/11/2024,Madrid,Zurich
147,Hadassah Austin,07/10/2024,18/10/2024,Barcelona,Amsterdam
148,Brycen Fry,07/08/2024,10/08/2024,Paris,Munich
149,Jose Brewer,05/02/2024,15/02/2024,Barcelona,Lisbon
150,Kai Humphrey,05/03/2024,13/03/2024,Budapest,London
151,Cynthia Baxter,08/12/2024,16/12/2024,Florence,Barcelona
152,Gia Wong,15/12/2024,28/12/2024,Amsterdam,Vienna
153,Riley Benitez,29/11/2024,03/12/2024,Barcelona,Munich
154,Antonio Jefferson,30/10/2024,04/11/2024,Prague,Barcelona
155,Jamison Levine,17/02/2024,23/02/2024,Lisbon,Berlin
156,Johnathan Burch,11/11/2024,15/11/2024,Vienna,Barcelona
157,Killian Harrington,05/05/2024,10/05/2024,London,Munich
158,Tristen Castaneda,08/10/2024,21/10/2024,Barcelona,Milan
159,Teagan Daniels,30/04/2024,13/05/2024,Brussels,Paris
160,Atticus Lutz,05/08/2024,11/08/2024,Dublin,Barcelona
161,Claire Thomas,31/08/2024,12/09/2024,Barcelona,Brussels
162,Kaley Garcia,20/09/2024,29/09/2024,Zurich,Paris
163,Jared Allen,13/09/2024,16/09/2024,Barcelona,Dublin
164,Sarai Harrison,13/09/2024,24/09/2024,Vienna,Milan
165,Esmeralda Stein,12/05/2024,25/05/2024,Milan,Barcelona
166,Jefferson Golden,30/01/2024,05/02/2024,Prague,Amsterdam
167,Felipe Eaton,02/01/2024,10/01/2024,Lisbon,Madrid
168,Jayden Jordan,02/10/2024,13/10/2024,Madrid,Milan
169,Jaylon Nunez,30/09/2024,04/10/2024,London,Rome
170,Maximilian Gamble,15/06/2024,28/06/2024,Barcelona,London
171,Juliana Parsons,07/08/2024,13/08/2024,Paris,Budapest
172,Alijah Bullock,22/12/2024,30/12/2024,Amsterdam,Barcelona
173,Raven Mccullough,27/04/2024,11/05/2024,Munich,London
174,Amy Harmon,10/07/2024,13/07/2024,Barcelona,Prague
175,Alondra Gordon,13/06/2024,17/06/2024,Brussels,Lisbon
176,Donovan Norton,13/01/2024,20/01/2024,Dublin,Berlin
177,Aliza Sheppard,02/02/2024,06/02/2024,Vienna,Barcelona
178,Sonia Mayer,25/06/2024,29/06/2024,London,Vienna
179,Miriam Mccormick,20/10/2024,01/11/2024,Milan,Paris
180,Kolten Michael,12/09/2024,16/09/2024,Madrid,Zurich
181,Giovanna Jennings,08/09/2024,22/09/2024,Barcelona,Amsterdam
182,Shania Mccall,20/10/2024,26/10/2024,Paris,Munich
183,Isabela Roach,01/07/2024,07/07/2024,Barcelona,Lisbon
184,Aubrie Mendoza,22/09/2024,29/09/2024,Budapest,London
185,Brisa Roth,05/05/2024,19/05/2024,Florence,Barcelona
186,London Peck,16/02/2024,25/02/2024,Amsterdam,Vienna
187,Anna Brandt,17/01/2024,27/01/2024,Barcelona,Munich
188,Orlando Werner,03/05/2024,17/05/2024,Prague,Barcelona
189,Luciana Deleon,15/04/2024,24/04/2024,Lisbon,Berlin
190,Kassandra Li,09/03/2024,20/03/2024,Vienna,Barcelona
191,Chloe Sheppard,16/01/2024,22/01/2024,London,Munich
192,Alfonso Copeland,19/10/2024,24/10/2024,Barcelona,Milan
193,Eden Gallagher,03/08/2024,10/08/2024,Brussels,Paris
194,Griffin Sellers,05/05/2024,19/05/2024,Dublin,Barcelona
195,Curtis Gardner,05/11/2024,13/11/2024,Barcelona,Brussels
196,Mariah King,18/03/2024,21/03/2024,Zurich,Paris
197,Jordyn Mann,19/12/2024,31/12/2024,Barcelona,Dublin
198,Margaret Morris,25/10/2024,30/10/2024,Vienna,Milan
199,Liberty Ingram,08/09/2024,13/09/2024,Milan,Barcelona
200,Autumn Hubbard,19/05/2024,24/05/2024,Prague,Amsterdam
201,Axel Copeland,19/07/2024,30/07/2024,Lisbon,Madrid
202,Yamilet Krueger,23/02/2024,05/03/2024,Madrid,Milan
203,Emiliano Serrano,27/12/2024,07/01/2025,London,Rome
204,Deacon Roach,26/09/2024,08/10/2024,Barcelona,London
205,Darion Wall,07/04/2024,19/04/2024,Paris,Budapest
206,Maci Goodwin,04/05/2024,17/05/2024,Amsterdam,Barcelona
207,Davon Villa,15/12/2024,18/12/2024,Munich,London
208,Jakob Cox,27/07/2024,04/08/2024,Barcelona,Prague
209,Rene Lamb,01/12/2024,14/12/2024,Brussels,Lisbon
210,Lucas Rivas,26/02/2024,11/03/2024,Dublin,Berlin
211,Emiliano Beasley,01/02/2024,09/02/2024,Vienna,Barcelona
212,Roy Leach,11/08/2024,14/08/2024,London,Vienna
213,Jazmyn Levy,11/11/2024,19/11/2024,Milan,Paris
214,Emma Pennington,25/07/2024,07/08/2024,Madrid,Zurich
215,Justice Vargas,14/09/2024,24/09/2024,Barcelona,Amsterdam
216,Emmy Ellis,12/10/2024,26/10/2024,Paris,Munich
217,Branden Burgess,14/08/2024,19/08/2024,Barcelona,Lisbon
218,Lainey Knox,23/12/2024,30/12/2024,Budapest,London
219,Marie Frey,21/02/2024,03/03/2024,Florence,Barcelona
220,Jovanny Harrison,10/03/2024,19/03/2024,Amsterdam,Vienna
221,Roy Ayala,25/08/2024,04/09/2024,Barcelona,Munich
222,Iyana Webster,04/11/2024,16/11/2024,Prague,Barcelona
223,Anaya Butler,03/11/2024,10/11/2024,Lisbon,Berlin
224,Kenley Carter,11/01/2024,18/01/2024,Vienna,Barcelona
225,Justin Nguyen,11/01/2024,21/01/2024,London,Munich
226,Elise Parrish,14/06/2024,18/06/2024,Barcelona,Milan
227,Roger Butler,07/03/2024,17/03/2024,Brussels,Paris
228,Lyric Mckinney,28/07/2024,08/08/2024,Dublin,Barcelona
229,Mohammad Donovan,09/09/2024,17/09/2024,Barcelona,Brussels
230,John Aguilar,31/05/2024,05/06/2024,Zurich,Paris
231,Antonio Cook,02/07/2024,10/07/2024,Barcelona,Dublin
232,Dangelo Robles,17/10/2024,22/10/2024,Vienna,Milan
233,Humberto Brooks,06/07/2024,13/07/2024,Milan,Barcelona
234,Collin Garrison,21/11/2024,27/11/2024,Prague,Amsterdam
235,Issac Schwartz,31/05/2024,14/06/2024,Lisbon,Madrid
236,Alyson Zhang,20/03/2024,26/03/2024,Madrid,Milan
237,Damari Bruce,23/06/2024,28/06/2024,London,Rome
238,Luis Cain,26/12/2024,02/01/2025,Barcelona,London
239,Omari Winters,17/04/2024,20/04/2024,Paris,Budapest
240,America Valentine,21/05/2024,02/06/2024,Amsterdam,Barcelona
241,Dayana Richards,29/10/2024,12/11/2024,Munich,London
242,Ethen Valenzuela,18/11/2024,01/12/2024,Barcelona,Prague
243,Ashlyn Frye,12/06/2024,18/06/2024,Brussels,Lisbon
244,Franco Stevenson,13/02/2024,16/02/2024,Dublin,Berlin
245,Diya Duffy,05/03/2024,10/03/2024,Vienna,Barcelona
246,Trinity Summers,20/02/2024,04/03/2024,London,Vienna
247,Dixie Yoder,09/04/2024,18/04/2024,Milan,Paris
248,Adriel Walton,27/12/2024,07/01/2025,Madrid,Zurich
249,Madilynn Bonilla,18/03/2024,25/03/2024,Barcelona,Amsterdam
250,Bradley Cordova,21/04/2024,27/04/2024,Paris,Munich
251,Elisabeth Holmes,17/07/2024,23/07/2024,Barcelona,Lisbon
252,Hayley Hardy,20/10/2024,03/11/2024,Budapest,London
253,Casey Schaefer,30/10/2024,07/11/2024,Florence,Barcelona
254,Tristin Manning,19/06/2024,24/06/2024,Amsterdam,Vienna
255,Elisha Glass,13/09/2024,16/09/2024,Barcelona,Munich
256,Khloe Hodge,01/10/2024,12/10/2024,Prague,Barcelona
257,Brisa Yoder,19/03/2024,30/03/2024,Lisbon,Berlin
258,Margaret Conway,29/07/2024,11/08/2024,Vienna,Barcelona
259,Christian Bernard,16/12/2024,20/12/2024,London,Munich
260,Aliyah Wells,12/09/2024,16/09/2024,Barcelona,Milan
261,Gavin Little,25/08/2024,05/09/2024,Brussels,Paris
262,Zaire Zamora,23/06/2024,02/07/2024,Dublin,Barcelona
263,Lillie Clark,06/11/2024,17/11/2024,Barcelona,Brussels
264,Phoenix Humphrey,21/08/2024,29/08/2024,Zurich,Paris
265,Zariah Terrell,08/08/2024,16/08/2024,Barcelona,Dublin
266,Shiloh Foster,27/04/2024,09/05/2024,Vienna,Milan
267,Blaine Gilbert,21/10/2024,25/10/2024,Milan,Barcelona
268,Bria Hays,01/09/2024,05/09/2024,Prague,Amsterdam
269,Shaun Waters,04/12/2024,08/12/2024,Lisbon,Madrid
270,Rohan Navarro,31/08/2024,03/09/2024,Madrid,Milan
271,Daniella Nguyen,19/04/2024,25/04/2024,London,Rome
272,Andres Nguyen,26/11/2024,10/12/2024,Barcelona,London
273,Gregory Mckinney,24/11/2024,02/12/2024,Paris,Budapest
274,Amanda Knapp,20/12/2024,01/01/2025,Amsterdam,Barcelona
275,Felicity Blake,07/01/2024,18/01/2024,Munich,London
276,Evangeline Snow,24/09/2024,27/09/2024,Barcelona,Prague
277,Janae Bush,21/02/2024,29/02/2024,Brussels,Lisbon
278,Kiersten Butler,14/04/2024,26/04/2024,Dublin,Berlin
279,Harper Roberson,27/07/2024,05/08/2024,Vienna,Barcelona
280,King Porter,15/05/2024,20/05/2024,London,Vienna
281,Brittany Aguirre,13/05/2024,25/05/2024,Milan,Paris
282,Elliott Schmitt,15/12/2024,23/12/2024,Madrid,Zurich
283,Sierra Delgado,03/05/2024,09/05/2024,Barcelona,Amsterdam
284,Kimora Phillips,05/04/2024,17/04/2024,Paris,Munich
285,Ty Esparza,07/05/2024,16/05/2024,Barcelona,Lisbon
286,Tessa Watkins,04/10/2024,17/10/2024,Budapest,London
287,Dillan Allison,27/12/2024,07/01/2025,Florence,Barcelona
288,Kelsie Davis,08/12/2024,18/12/2024,Amsterdam,Vienna
289,Tucker Stephens,05/07/2024,10/07/2024,Barcelona,Munich
290,Alessandro Good,23/07/2024,29/07/2024,Prague,Barcelona
291,Mylie Potter,10/06/2024,24/06/2024,Lisbon,Berlin
292,Delaney Barnes,09/03/2024,18/03/2024,Vienna,Barcelona
293,Roderick Beasley,19/11/2024,30/11/2024,London,Munich
294,Megan Bailey,18/09/2024,23/09/2024,Barcelona,Milan
295,Kaleb Khan,17/02/2024,27/02/2024,Brussels,Paris
296,Theodore Bass,07/12/2024,11/12/2024,Dublin,Barcelona
297,Parker Allison,01/06/2024,10/06/2024,Barcelona,Brussels
298,Megan Moss,17/07/2024,21/07/2024,Zurich,Paris
299,Rachael Choi,20/07/2024,23/07/2024,Barcelona,Dublin
300,Cedric Rivas,07/01/2024,19/01/2024,Vienna,Milan
301,Hudson Church,15/12/2024,23/12/2024,Milan,Barcelona
302,Porter Woodard,12/02/2024,16/02/2024,Prague,Amsterdam
303,Makaila Cardenas,26/04/2024,07/05/2024,Lisbon,Madrid
304,Amira Alexander,13/04/2024,21/04/2024,Madrid,Milan
305,Megan Vaughan,26/06/2024,05/07/2024,London,Rome
306,Kamren Matthews,08/02/2024,21/02/2024,Barcelona,London
307,Alexander Miranda,21/03/2024,04/04/2024,Paris,Budapest
308,Zackary Wilcox,27/08/2024,31/08/2024,Amsterdam,Barcelona
309,Francis Roberson,24/09/2024,02/10/2024,Munich,London
310,Raymond Goodwin,22/12/2024,30/12/2024,Barcelona,Prague
311,Marvin Griffith,20/11/2024,23/11/2024,Brussels,Lisbon
312,Braelyn Nichols,06/08/2024,13/08/2024,Dublin,Berlin
313,Iris Conrad,18/05/2024,28/05/2024,Vienna,Barcelona
314,Javion Key,08/11/2024,18/11/2024,London,Vienna
315,Raquel Francis,17/02/2024,24/02/2024,Milan,Paris
316,Saige Nunez,16/05/2024,24/05/2024,Madrid,Zurich
317,Abbigail Knapp,02/12/2024,06/12/2024,Barcelona,Amsterdam
318,Esteban Brennan,22/07/2024,01/08/2024,Paris,Munich
319,Bethany Warner,07/04/2024,16/04/2024,Barcelona,Lisbon
320,Sullivan Dalton,14/08/2024,26/08/2024,Budapest,London
321,Emily Brennan,02/04/2024,16/04/2024,Florence,Barcelona
322,Colin Carr,08/10/2024,13/10/2024,Amsterdam,Vienna
323,Marissa Banks,08/01/2024,11/01/2024,Barcelona,Munich
324,Sheldon Buckley,30/05/2024,05/06/2024,Prague,Barcelona
325,Uriel Hayes,25/12/2024,01/01/2025,Lisbon,Berlin
326,Livia Foster,03/03/2024,11/03/2024,Vienna,Barcelona
327,Abdullah Bond,23/02/2024,05/03/2024,London,Munich
328,Aniyah Fletcher,08/09/2024,16/09/2024,Barcelona,Milan
329,Mario Bailey,03/08/2024,17/08/2024,Brussels,Paris
330,Annalise Pineda,22/05/2024,05/06/2024,Dublin,Barcelona
331,Laura Nixon,01/03/2024,08/03/2024,Barcelona,Brussels
332,Kenya Molina,09/01/2024,12/01/2024,Zurich,Paris
333,Eden Drake,20/06/2024,27/06/2024,Barcelona,Dublin
334,Markus Manning,17/11/2024,30/11/2024,Vienna,Milan
335,Jared Snyder,29/02/2024,07/03/2024,Milan,Barcelona
336,Brett Warner,17/02/2024,02/03/2024,Prague,Amsterdam
337,Nevaeh Vang,08/03/2024,13/03/2024,Lisbon,Madrid
338,Aliana Norton,09/09/2024,23/09/2024,Madrid,Milan
339,Clark Solomon,05/01/2024,17/01/2024,London,Rome
340,Holly Brennan,02/01/2024,13/01/2024,Barcelona,London
341,Katie Bentley,15/02/2024,21/02/2024,Paris,Budapest
342,Katelynn Jenkins,14/09/2024,21/09/2024,Amsterdam,Barcelona
343,Hassan Andrade,08/12/2024,13/12/2024,Munich,London
344,Brenna Pham,23/09/2024,04/10/2024,Barcelona,Prague
345,Danna House,20/02/2024,03/03/2024,Brussels,Lisbon
346,Carsen Snow,16/05/2024,29/05/2024,Dublin,Berlin
347,Aaden Patterson,01/11/2024,10/11/2024,Vienna,Barcelona
348,Elle Norris,13/12/2024,23/12/2024,London,Vienna
349,Grady Campos,30/09/2024,07/10/2024,Milan,Paris
350,Angela Berger,30/03/2024,08/04/2024,Madrid,Zurich
351,Nathen Bean,25/05/2024,03/06/2024,Barcelona,Amsterdam
352,Soren Humphrey,09/09/2024,19/09/2024,Paris,Munich
353,Alison Arroyo,08/11/2024,22/11/2024,Barcelona,Lisbon
354,Penelope Hawkins,11/07/2024,14/07/2024,Budapest,London
355,Trevin Greer,30/07/2024,02/08/2024,Florence,Barcelona
356,Milo Pope,04/11/2024,14/11/2024,Amsterdam,Vienna
357,Ezequiel Zamora,19/12/2024,29/12/2024,Barcelona,Munich
358,Bryan Spence,19/09/2024,22/09/2024,Prague,Barcelona
359,Carlee Gutierrez,21/09/2024,04/10/2024,Lisbon,Berlin
360,Finnegan Prince,03/10/2024,14/10/2024,Vienna,Barcelona
361,Harper Bowen,13/06/2024,23/06/2024,London,Munich
362,Drew Tate,06/12/2024,09/12/2024,Barcelona,Milan
363,Karen Silva,22/03/2024,03/04/2024,Brussels,Paris
364,Hana Huffman,06/09/2024,18/09/2024,Dublin,Barcelona
365,Felicity Miles,14/05/2024,19/05/2024,Barcelona,Brussels
366,Marquis Perez,05/11/2024,10/11/2024,Zurich,Paris
367,Dereon Lang,25/04/2024,07/05/2024,Barcelona,Dublin
368,Henry Vasquez,24/05/2024,05/06/2024,Vienna,Milan
369,Zoe Gill,21/01/2024,03/02/2024,Madrid,Milan
370,Trey Oneal,26/05/2024,29/05/2024,London,Rome
371,Julissa Conrad,07/05/2024,21/05/2024,Barcelona,London
372,Cecilia Andersen,07/04/2024,20/04/2024,Paris,Budapest
373,Gavyn Baker,16/09/2024,25/09/2024,Amsterdam,Barcelona
374,Cristina Torres,20/02/2024,23/02/2024,Munich,London
375,Shyanne Logan,19/08/2024,30/08/2024,Barcelona,Prague
376,Corey Sosa,16/03/2024,21/03/2024,Brussels,Lisbon
377,Jaslene Lopez,23/11/2024,05/12/2024,Dublin,Berlin
378,Garrett Newton,20/12/2024,29/12/2024,Vienna,Barcelona
379,Nelson Bolton,21/09/2024,26/09/2024,London,Vienna
380,Nick Parker,01/05/2024,09/05/2024,Milan,Paris
381,Rebekah Calderon,07/02/2024,15/02/2024,Madrid,Zurich
382,Franklin Hancock,03/06/2024,11/06/2024,Barcelona,Amsterdam
383,Monica Pena,08/11/2024,19/11/2024,Paris,Munich
384,Asa Prince,21/12/2024,27/12/2024,Barcelona,Lisbon
385,Amina Mitchell,20/02/2024,23/02/2024,Budapest,London
386,Audrina Gonzalez,26/10/2024,04/11/2024,Florence,Barcelona
387,Marianna Barr,03/02/2024,13/02/2024,Amsterdam,Vienna
388,Lexi Mccormick,27/08/2024,01/09/2024,Barcelona,Munich
389,Ava Padilla,28/05/2024,01/06/2024,Prague,Barcelona
390,Marilyn Horn,06/10/2024,09/10/2024,Lisbon,Berlin
391,Jaylin Davies,14/08/2024,27/08/2024,Vienna,Barcelona
392,Frida Calderon,24/12/2024,05/01/2025,London,Munich
393,Mikaela Robinson,07/12/2024,21/12/2024,Barcelona,Milan
394,Judah Grimes,26/03/2024,01/04/2024,Brussels,Paris
395,Lillie Cummings,10/07/2024,22/07/2024,Dublin,Barcelona
396,Zoe Bowen,12/11/2024,19/11/2024,Barcelona,Brussels
397,Dennis Stein,29/03/2024,11/04/2024,Zurich,Paris
398,Tyler Strickland,20/01/2024,24/01/2024,Barcelona,Dublin
399,Dillan Wells,20/05/2024,30/05/2024,Vienna,Milan
400,Aedan Hartman,31/07/2024,05/08/2024,Milan,Barcelona
401,Regina Barnett,02/02/2024,10/02/2024,Lisbon,Madrid
402,Antwan Ortega,04/01/2024,09/01/2024,London,Rome
403,Jakobe Monroe,10/12/2024,21/12/2024,Paris,Budapest
404,Kingston Bowen,03/01/2024,16/01/2024,Amsterdam,Barcelona
405,Lillie Jones,03/05/2024,11/05/2024,Munich,London
406,Cristina Meza,06/12/2024,10/12/2024,Barcelona,Prague
407,Emilio Kelley,10/02/2024,14/02/2024,Brussels,Lisbon
408,Jonathan Schaefer,06/02/2024,16/02/2024,Dublin,Berlin
409,Aron Brandt,20/04/2024,29/04/2024,Vienna,Barcelona
410,Mia Kerr,26/01/2024,02/02/2024,London,Vienna
411,Dwayne Stanley,21/09/2024,30/09/2024,Milan,Paris
412,Isabelle Mclaughlin,24/02/2024,09/03/2024,Madrid,Zurich
413,Helen Dyer,16/02/2024,23/02/2024,Barcelona,Amsterdam
414,Serenity Mueller,26/10/2024,31/10/2024,Paris,Munich
415,Connor Day,20/04/2024,01/05/2024,Barcelona,Lisbon
416,Deandre Sellers,01/07/2024,15/07/2024,Budapest,London
417,Gisselle Hunt,09/12/2024,15/12/2024,Florence,Barcelona
418,Cali Burns,25/03/2024,28/03/2024,Amsterdam,Vienna
419,Meredith Schneider,29/06/2024,05/07/2024,Barcelona,Munich
420,Howard Stark,21/07/2024,29/07/2024,Prague,Barcelona
421,Terrell Fritz,22/10/2024,31/10/2024,Lisbon,Berlin
422,Alani Bush,28/03/2024,10/04/2024,Vienna,Barcelona
423,Joslyn Joseph,27/08/2024,04/09/2024,London,Munich
424,Kylan Curry,12/07/2024,24/07/2024,Barcelona,Milan
425,Reina Reeves,24/09/2024,27/09/2024,Brussels,Paris
426,Emmett Potts,16/05/2024,22/05/2024,Dublin,Barcelona
427,Alia Griffith,05/07/2024,12/07/2024,Barcelona,Brussels
428,Deacon Ellis,23/03/2024,27/03/2024,Zurich,Paris
429,Aliya Cox,22/04/2024,27/04/2024,Barcelona,Dublin
430,Jenny York,18/09/2024,25/09/2024,Vienna,Milan
431,Nina Blair,23/10/2024,30/10/2024,Milan,Barcelona
432,Alec Melton,29/02/2024,07/03/2024,Prague,Amsterdam
433,Alani Wilkins,03/12/2024,12/12/2024,Madrid,Milan
434,Emanuel Cortez,21/06/2024,25/06/2024,London,Rome
435,Cristal Frank,24/03/2024,29/03/2024,Paris,Budapest
436,Arjun Crosby,03/11/2024,10/11/2024,Amsterdam,Barcelona
437,Arianna Fletcher,29/10/2024,01/11/2024,Barcelona,Prague
438,Ayanna Barton,06/11/2024,11/11/2024,Brussels,Lisbon
439,Maribel Whitehead,25/12/2024,29/12/2024,Dublin,Berlin
440,Mara Bernard,04/08/2024,16/08/2024,Vienna,Barcelona
441,Greta Glass,11/09/2024,22/09/2024,London,Vienna
442,Jaylynn Green,18/03/2024,27/03/2024,Milan,Paris
443,Emilee Hurley,20/12/2024,29/12/2024,Madrid,Zurich
444,Monica Osborn,12/05/2024,15/05/2024,Barcelona,Amsterdam
445,Titus Padilla,26/11/2024,06/12/2024,Paris,Munich
446,Piper Hughes,14/06/2024,22/06/2024,Barcelona,Lisbon
447,Kylee Pittman,10/06/2024,23/06/2024,Budapest,London
448,Janiah Mcgee,06/02/2024,20/02/2024,Florence,Barcelona
449,Mila Hanson,11/12/2024,15/12/2024,Amsterdam,Vienna
450,Marcus Juarez,26/02/2024,10/03/2024,Barcelona,Munich
451,Angel Nicholson,15/10/2024,21/10/2024,Prague,Barcelona
452,Anika Walker,09/11/2024,14/11/2024,Lisbon,Berlin
453,Griffin Sharp,24/03/2024,05/04/2024,Vienna,Barcelona
454,Casey Kaiser,30/10/2024,05/11/2024,London,Munich
455,Reece Cordova,10/02/2024,22/02/2024,Barcelona,Milan
456,Nelson Carney,15/07/2024,20/07/2024,Brussels,Paris
457,Elise Tyler,15/09/2024,18/09/2024,Dublin,Barcelona
458,Yadiel Solis,07/09/2024,17/09/2024,Barcelona,Brussels
459,Zaniyah Turner,15/12/2024,19/12/2024,Zurich,Paris
460,Keegan Elliott,05/05/2024,08/05/2024,Barcelona,Dublin
461,Austin Randolph,04/08/2024,09/08/2024,Vienna,Milan
462,Shannon Terrell,06/07/2024,19/07/2024,Milan,Barcelona
463,Mallory Shelton,23/10/2024,26/10/2024,Prague,Amsterdam
464,Wesley Esparza,05/04/2024,11/04/2024,Lisbon,Madrid
465,Danica Arroyo,26/10/2024,02/11/2024,London,Rome
466,Dwayne Li,23/03/2024,01/04/2024,Barcelona,London
467,Lydia Washington,13/08/2024,27/08/2024,Paris,Budapest
468,Tristian Harrington,18/08/2024,26/08/2024,Munich,London
469,Miya Moses,10/09/2024,23/09/2024,Barcelona,Prague
470,Cristal Atkinson,09/02/2024,17/02/2024,Brussels,Lisbon
471,Valentino Armstrong,10/11/2024,18/11/2024,Vienna,Barcelona
472,Dean Dudley,25/09/2024,08/10/2024,London,Vienna
473,Owen Perry,17/08/2024,28/08/2024,Milan,Paris
474,Franco Norman,31/05/2024,13/06/2024,Madrid,Zurich
475,Nicholas Blake,06/08/2024,11/08/2024,Barcelona,Amsterdam
476,Evelin Moreno,10/07/2024,21/07/2024,Paris,Munich
477,Mikayla Gould,07/10/2024,18/10/2024,Barcelona,Lisbon
478,Jamarion Good,22/01/2024,30/01/2024,Budapest,London
479,Allie Beasley,26/01/2024,07/02/2024,Florence,Barcelona
480,Leroy Orr,08/03/2024,20/03/2024,Amsterdam,Vienna
481,Jaelynn Walton,18/10/2024,26/10/2024,Barcelona,Munich
482,Chanel Barajas,23/03/2024,28/03/2024,Prague,Barcelona
483,Osvaldo Schmitt,29/05/2024,05/06/2024,Lisbon,Berlin
484,Maddison Arellano,05/11/2024,17/11/2024,Vienna,Barcelona
485,Tyshawn Schneider,29/02/2024,04/03/2024,London,Munich
486,Braylon Reese,11/06/2024,16/06/2024,Barcelona,Milan
487,Jaxon Wolf,17/05/2024,26/05/2024,Brussels,Paris
488,Bo Ortiz,21/12/2024,24/12/2024,Dublin,Barcelona
489,Selena Waller,17/07/2024,20/07/2024,Barcelona,Brussels
490,Gina Henry,12/04/2024,18/04/2024,Zurich,Paris
491,Lewis Chapman,14/11/2024,28/11/2024,Barcelona,Dublin
492,Franklin Norton,17/02/2024,01/03/2024,Vienna,Milan
493,Kiara Patton,16/05/2024,24/05/2024,Milan,Barcelona
494,Aleah Harvey,22/02/2024,26/02/2024,Prague,Amsterdam
495,Tamara Hatfield,07/08/2024,15/08/2024,Lisbon,Madrid
496,Mckenzie Hickman,02/08/2024,07/08/2024,Madrid,Milan
497,Elliot Kane,17/11/2024,30/11/2024,Barcelona,London
498,Lilah Owen,11/10/2024,15/10/2024,Paris,Budapest
499,Amir Mack,18/12/2024,21/12/2024,Amsterdam,Barcelona
500,Lewis Hart,18/12/2024,29/12/2024,Munich,London
501,Jonathon Flynn,07/03/2024,18/03/2024,Brussels,Lisbon
502,Mariam Hogan,29/12/2024,01/01/2025,Dublin,Berlin
503,Angel Hodge,12/02/2024,23/02/2024,Vienna,Barcelona
504,Aron Rose,06/06/2024,19/06/2024,London,Vienna
505,Ellen Wade,23/08/2024,27/08/2024,Madrid,Zurich
506,Essence Ray,25/10/2024,30/10/2024,Barcelona,Amsterdam
507,Aliana Spencer,17/10/2024,24/10/2024,Paris,Munich
508,Wade Robinson,25/04/2024,05/05/2024,Barcelona,Lisbon
509,America Lowe,13/11/2024,16/11/2024,Budapest,London
510,Yazmin Benson,28/09/2024,02/10/2024,Florence,Barcelona
511,Sarai Mcgee,02/06/2024,10/06/2024,Amsterdam,Vienna
512,Amiah Becker,20/10/2024,02/11/2024,Barcelona,Munich
513,Valerie Stuart,04/06/2024,16/06/2024,Prague,Barcelona
514,Spencer Brady,11/01/2024,22/01/2024,Lisbon,Berlin
515,Alyson Wilcox,28/10/2024,06/11/2024,Vienna,Barcelona
516,Adalyn Friedman,04/05/2024,17/05/2024,London,Munich
517,Darius Dudley,27/08/2024,05/09/2024,Barcelona,Milan
518,Aydan Rivers,11/12/2024,25/12/2024,Brussels,Paris
519,Chasity Brennan,26/10/2024,06/11/2024,Dublin,Barcelona
520,Devin Petty,27/09/2024,03/10/2024,Barcelona,Brussels
521,Mckayla Mcgee,29/08/2024,12/09/2024,Zurich,Paris
522,Lainey Young,20/10/2024,28/10/2024,Barcelona,Dublin
523,Lyric Hansen,11/09/2024,15/09/2024,Vienna,Milan
524,Hayley Hebert,22/06/2024,01/07/2024,Milan,Barcelona
525,Yamilet Barnett,16/11/2024,22/11/2024,Prague,Amsterdam
526,Mohamed Pacheco,07/02/2024,15/02/2024,Lisbon,Madrid
527,Deacon Livingston,27/10/2024,03/11/2024,Madrid,Milan
528,Makaila Baker,12/08/2024,15/08/2024,London,Rome
529,Madelyn Mitchell,08/07/2024,14/07/2024,Paris,Budapest
530,Valentino Baxter,10/07/2024,19/07/2024,Amsterdam,Barcelona
531,Juliana Chang,26/04/2024,29/04/2024,Munich,London
532,Giuliana Noble,08/11/2024,16/11/2024,Barcelona,Prague
533,Roman Davis,30/06/2024,11/07/2024,Brussels,Lisbon
534,Tiara Mcknight,11/09/2024,14/09/2024,Vienna,Barcelona
535,Joselyn Stein,29/11/2024,09/12/2024,London,Vienna
536,Aaron Bell,07/09/2024,12/09/2024,Milan,Paris
537,Adalynn Cardenas,28/04/2024,12/05/2024,Madrid,Zurich
538,Landen Cobb,25/07/2024,07/08/2024,Barcelona,Amsterdam
539,Timothy Galvan,05/02/2024,18/02/2024,Barcelona,Lisbon
540,Georgia Estrada,23/04/2024,04/05/2024,Budapest,London
541,Addison Whitaker,25/12/2024,07/01/2025,Florence,Barcelona
542,Myles French,25/11/2024,07/12/2024,Amsterdam,Vienna
543,Jaylan Farmer,24/09/2024,29/09/2024,Barcelona,Munich
544,Keely Riddle,16/12/2024,26/12/2024,Prague,Barcelona
545,Ali Morris,26/08/2024,31/08/2024,Lisbon,Berlin
546,Isabel Perry,12/01/2024,26/01/2024,Vienna,Barcelona
547,Maia Fuentes,27/05/2024,08/06/2024,London,Munich
548,Harrison Hess,15/07/2024,25/07/2024,Barcelona,Milan
549,Renee Cannon,10/09/2024,18/09/2024,Brussels,Paris
550,Darnell Martin,16/02/2024,28/02/2024,Dublin,Barcelona
551,Nikhil Munoz,12/12/2024,19/12/2024,Barcelona,Brussels
552,Daniel Frederick,22/01/2024,01/02/2024,Zurich,Paris
553,Valeria Manning,13/05/2024,25/05/2024,Barcelona,Dublin
554,Penelope Tapia,08/06/2024,11/06/2024,Vienna,Milan
555,Trenton Cobb,12/09/2024,22/09/2024,Milan,Barcelona
556,Karla Lester,23/02/2024,28/02/2024,Prague,Amsterdam
557,Caitlyn Lin,14/03/2024,27/03/2024,Lisbon,Madrid
558,Isabella Conley,22/09/2024,26/09/2024,Madrid,Milan
559,Itzel Stokes,11/04/2024,24/04/2024,London,Rome
560,Frances Rodgers,05/01/2024,10/01/2024,Barcelona,London
561,Hezekiah Patrick,05/03/2024,10/03/2024,Amsterdam,Barcelona
562,Michael Yu,22/10/2024,01/11/2024,Munich,London
563,Todd Maddox,25/11/2024,03/12/2024,Barcelona,Prague
564,Ximena Randolph,15/09/2024,26/09/2024,Brussels,Lisbon
565,Angie Rivers,20/04/2024,28/04/2024,Dublin,Berlin
566,Serenity Baker,02/06/2024,09/06/2024,Vienna,Barcelona
567,Camren Swanson,14/06/2024,19/06/2024,Milan,Paris
568,Hallie Castro,05/02/2024,11/02/2024,Madrid,Zurich
569,Libby Hayden,21/07/2024,24/07/2024,Barcelona,Amsterdam
570,Jesse Valenzuela,10/12/2024,20/12/2024,Paris,Munich
571,Immanuel Conway,08/12/2024,21/12/2024,Barcelona,Lisbon
572,Mya Singleton,02/01/2024,08/01/2024,Budapest,London
573,Harley Francis,02/08/2024,06/08/2024,Florence,Barcelona
574,Jett Higgins,17/05/2024,27/05/2024,Amsterdam,Vienna
575,Phoenix Hartman,05/02/2024,14/02/2024,Barcelona,Munich
576,Julianna Greer,27/02/2024,01/03/2024,Prague,Barcelona
577,Angelica Mcmahon,13/01/2024,18/01/2024,Lisbon,Berlin
578,Cara Clarke,16/10/2024,30/10/2024,Vienna,Barcelona
579,Cristina Bennett,12/07/2024,18/07/2024,London,Munich
580,Kristina Cain,07/02/2024,16/02/2024,Barcelona,Milan
581,Kristian Green,26/10/2024,06/11/2024,Brussels,Paris
582,Salma Kidd,13/12/2024,25/12/2024,Dublin,Barcelona
583,Dana Case,18/10/2024,27/10/2024,Barcelona,Brussels
584,Karli Burnett,02/02/2024,12/02/2024,Zurich,Paris
585,Scott Stanton,04/04/2024,17/04/2024,Barcelona,Dublin
586,Jaydon Pittman,28/02/2024,08/03/2024,Vienna,Milan
587,Blaine Marshall,31/08/2024,11/09/2024,Milan,Barcelona
588,Alexia Stark,08/12/2024,18/12/2024,Prague,Amsterdam
589,Bryce Bush,09/07/2024,20/07/2024,Lisbon,Madrid
590,Curtis Osborne,23/06/2024,05/07/2024,Madrid,Milan
591,Belen Charles,10/11/2024,22/11/2024,London,Rome
592,Chanel Novak,29/04/2024,12/05/2024,Barcelona,London
593,Brayden Sellers,17/04/2024,21/04/2024,Paris,Budapest
594,Lindsey Shepherd,03/04/2024,07/04/2024,Munich,London
595,Tyrese Warren,03/05/2024,12/05/2024,Barcelona,Prague
596,Tia Terry,13/07/2024,17/07/2024,Brussels,Lisbon
597,Christine Ballard,27/06/2024,11/07/2024,Dublin,Berlin
598,Hugo Mayo,27/09/2024,07/10/2024,Vienna,Barcelona
599,Leroy Bowman,05/07/2024,08/07/2024,London,Vienna
600,Alisa Oliver,04/08/2024,07/08/2024,Milan,Paris
601,Aiden Forbes,24/01/2024,30/01/2024,Barcelona,Amsterdam
602,Alanna Monroe,05/10/2024,08/10/2024,Paris,Munich
603,Rigoberto Austin,07/06/2024,11/06/2024,Barcelona,Lisbon
604,Evelyn Lane,03/02/2024,07/02/2024,Budapest,London
605,Alexis Hernandez,26/02/2024,02/03/2024,Florence,Barcelona
606,Zack Vargas,23/11/2024,29/11/2024,Amsterdam,Vienna
607,Alejandra Vega,09/07/2024,21/07/2024,Barcelona,Munich
608,Jakayla Joyce,20/03/2024,26/03/2024,Prague,Barcelona
609,Trenton Richmond,15/12/2024,28/12/2024,Lisbon,Berlin
610,Miah Lucas,25/05/2024,02/06/2024,Vienna,Barcelona
611,Reina Schaefer,11/12/2024,16/12/2024,London,Munich
612,Kaelyn Flowers,04/07/2024,09/07/2024,Barcelona,Milan
613,Cannon Martinez,04/01/2024,12/01/2024,Brussels,Paris
614,Andre White,01/01/2024,05/01/2024,Dublin,Barcelona
615,Stella Kim,27/07/2024,06/08/2024,Barcelona,Brussels
616,Tyrone Robertson,12/10/2024,22/10/2024,Zurich,Paris
617,Hayley Wilkerson,25/11/2024,08/12/2024,Barcelona,Dublin
618,Tyrese Bolton,07/04/2024,17/04/2024,Vienna,Milan
619,Litzy Bird,29/10/2024,12/11/2024,Milan,Barcelona
620,Corbin Vance,24/01/2024,04/02/2024,Prague,Amsterdam
621,Arthur Ponce,04/07/2024,12/07/2024,Lisbon,Madrid
622,Carlo Spencer,30/06/2024,12/07/2024,Madrid,Milan
623,Zariah Campbell,09/10/2024,22/10/2024,London,Rome
624,Joanna Riddle,27/11/2024,11/12/2024,Barcelona,London
625,Salvador Bauer,15/07/2024,19/07/2024,Paris,Budapest
626,Sanai Taylor,08/05/2024,18/05/2024,Amsterdam,Barcelona
627,Dante Freeman,25/02/2024,29/02/2024,Barcelona,Prague
628,Finnegan Anthony,27/05/2024,01/06/2024,Brussels,Lisbon
629,Drew Aguirre,27/02/2024,12/03/2024,Dublin,Berlin
630,Emiliano Wiley,14/03/2024,27/03/2024,Vienna,Barcelona
631,Duncan Barrett,07/03/2024,18/03/2024,London,Vienna
632,Essence Rubio,06/06/2024,19/06/2024,Milan,Paris
633,Nicholas Waters,20/03/2024,03/04/2024,Madrid,Zurich
634,Beckett Zuniga,24/12/2024,31/12/2024,Barcelona,Amsterdam
635,Brock Combs,16/06/2024,21/06/2024,Barcelona,Lisbon
636,Colten Norris,24/12/2024,06/01/2025,Budapest,London
637,Chris Gutierrez,24/09/2024,07/10/2024,Florence,Barcelona
638,Lilliana Cross,15/09/2024,26/09/2024,Amsterdam,Vienna
639,Joseph Andrade,03/04/2024,06/04/2024,Barcelona,Munich
640,Talia Mason,26/04/2024,07/05/2024,Prague,Barcelona
641,Ramiro Petersen,20/12/2024,01/01/2025,Lisbon,Berlin
642,Kaitlin Summers,03/03/2024,09/03/2024,Vienna,Barcelona
643,Romeo Robertson,20/05/2024,03/06/2024,London,Munich
644,Rudy Miles,10/08/2024,23/08/2024,Barcelona,Milan
645,Tony Waters,22/10/2024,26/10/2024,Brussels,Paris
646,Amelie Browning,29/03/2024,05/04/2024,Dublin,Barcelona
647,Micah Rogers,09/07/2024,15/07/2024,Barcelona,Brussels
648,Kaylie Russell,05/01/2024,15/01/2024,Zurich,Paris
649,Raegan York,14/09/2024,25/09/2024,Barcelona,Dublin
650,Sincere Johnston,11/02/2024,17/02/2024,Vienna,Milan
651,Fatima Duncan,05/01/2024,09/01/2024,Milan,Barcelona
652,Gillian Duncan,30/10/2024,13/11/2024,Prague,Amsterdam
653,Brynlee Larsen,13/01/2024,27/01/2024,Lisbon,Madrid
654,Camilla Hutchinson,19/05/2024,23/05/2024,Madrid,Milan
655,Brock Skinner,20/12/2024,30/12/2024,London,Rome
656,Talon Friedman,03/02/2024,15/02/2024,Barcelona,London
657,Casey Mcbride,02/04/2024,06/04/2024,Paris,Budapest
658,Aydin Cunningham,27/03/2024,31/03/2024,Amsterdam,Barcelona
659,Peyton Mcconnell,30/06/2024,10/07/2024,Munich,London
660,Denisse Brooks,04/03/2024,15/03/2024,Brussels,Lisbon
661,Riley Townsend,17/11/2024,27/11/2024,Dublin,Berlin
662,Javion Andrews,02/03/2024,08/03/2024,Vienna,Barcelona
663,Paxton Solis,04/12/2024,07/12/2024,London,Vienna
664,Davin Daugherty,10/06/2024,22/06/2024,Milan,Paris
665,Chaim Larsen,11/01/2024,21/01/2024,Madrid,Zurich
666,Jasiah Wilcox,09/08/2024,20/08/2024,Barcelona,Amsterdam
667,Colton Hensley,30/11/2024,08/12/2024,Paris,Munich
668,Erick Parker,29/07/2024,01/08/2024,Barcelona,Lisbon
669,Ezekiel Kirk,01/10/2024,09/10/2024,Florence,Barcelona
670,Carina Hubbard,07/07/2024,21/07/2024,Amsterdam,Vienna
671,Charles Clark,23/05/2024,01/06/2024,Barcelona,Munich
672,Jaida Riley,24/04/2024,08/05/2024,Prague,Barcelona
673,Dayanara Morton,27/05/2024,06/06/2024,Lisbon,Berlin
674,Hugh White,09/08/2024,14/08/2024,Vienna,Barcelona
675,Jagger Donovan,01/06/2024,07/06/2024,London,Munich
676,Yadira Mcdowell,28/06/2024,04/07/2024,Barcelona,Milan
677,Danny Woodard,09/09/2024,20/09/2024,Brussels,Paris
678,Erin Oneill,21/12/2024,04/01/2025,Dublin,Barcelona
679,Amelie Hopkins,10/02/2024,20/02/2024,Barcelona,Brussels
680,Paula Kemp,09/12/2024,20/12/2024,Zurich,Paris
681,Martha Grimes,10/02/2024,19/02/2024,Barcelona,Dublin
682,Adrian Arnold,19/02/2024,04/03/2024,Vienna,Milan
683,Marisol Cline,01/02/2024,13/02/2024,Milan,Barcelona
684,Laura Frazier,02/07/2024,16/07/2024,Prague,Amsterdam
685,Sidney Horn,07/02/2024,14/02/2024,Lisbon,Madrid
686,Josue Sexton,26/03/2024,03/04/2024,Madrid,Milan
687,Brynn Mora,14/11/2024,18/11/2024,London,Rome
688,Raven Bradshaw,20/08/2024,23/08/2024,Barcelona,London
689,Leanna Pugh,14/03/2024,17/03/2024,Paris,Budapest
690,Jaylee Haley,20/10/2024,02/11/2024,Amsterdam,Barcelona
691,Dulce Strickland,20/02/2024,04/03/2024,Munich,London
692,Trevor Gibson,08/06/2024,22/06/2024,Barcelona,Prague
693,Abdiel Larson,14/03/2024,27/03/2024,Dublin,Berlin
694,Kadence Morrison,07/12/2024,17/12/2024,Vienna,Barcelona
695,Jasper Nicholson,21/10/2024,04/11/2024,London,Vienna
696,Angelique Weber,09/07/2024,19/07/2024,Milan,Paris
697,Nora Brewer,14/06/2024,20/06/2024,Madrid,Zurich
698,Tiffany Ford,25/10/2024,01/11/2024,Barcelona,Amsterdam
699,George Hampton,19/04/2024,02/05/2024,Paris,Munich
700,Cordell Burns,21/04/2024,25/04/2024,Barcelona,Lisbon
701,Kyson Cain,01/02/2024,15/02/2024,Budapest,London
702,Lexie Bowen,20/08/2024,24/08/2024,Florence,Barcelona
703,Reyna Lopez,02/09/2024,05/09/2024,Barcelona,Munich
704,Marissa Luna,12/04/2024,20/04/2024,Prague,Barcelona
705,Noah Hickman,12/03/2024,16/03/2024,Lisbon,Berlin
706,Kinley Moss,25/07/2024,05/08/2024,Vienna,Barcelona
707,Isaias Gonzalez,24/07/2024,27/07/2024,London,Munich
708,Akira Kemp,22/07/2024,27/07/2024,Barcelona,Milan
709,Cristian Sheppard,13/09/2024,23/09/2024,Brussels,Paris
710,Kathy Bishop,22/01/2024,30/01/2024,Dublin,Barcelona
711,Colin Poole,22/05/2024,25/05/2024,Barcelona,Brussels
712,Gaven Hanna,18/08/2024,21/08/2024,Zurich,Paris
713,Elise Silva,23/12/2024,30/12/2024,Barcelona,Dublin
714,Victor Charles,05/02/2024,09/02/2024,Vienna,Milan
715,Daniella Mcneil,15/08/2024,25/08/2024,Milan,Barcelona
716,Michaela Ramirez,22/06/2024,28/06/2024,Prague,Amsterdam
717,Muhammad Bradley,16/01/2024,28/01/2024,Lisbon,Madrid
718,Kasey House,08/12/2024,14/12/2024,Madrid,Milan
719,Baron Fritz,24/04/2024,27/04/2024,London,Rome
720,Davion Chase,25/05/2024,02/06/2024,Barcelona,London
721,Caitlin Underwood,10/07/2024,13/07/2024,Paris,Budapest
722,Jorge Franklin,01/01/2024,11/01/2024,Amsterdam,Barcelona
723,Atticus Travis,08/09/2024,13/09/2024,Munich,London
724,Jerimiah Robbins,24/09/2024,07/10/2024,Barcelona,Prague
725,Carter Villegas,19/05/2024,23/05/2024,Brussels,Lisbon
726,Krista Mejia,24/01/2024,29/01/2024,Vienna,Barcelona
727,Martin Jones,05/01/2024,16/01/2024,London,Vienna
728,Andreas Wolf,16/05/2024,28/05/2024,Milan,Paris
729,Genevieve Conner,01/12/2024,06/12/2024,Madrid,Zurich
730,Shelby Saunders,06/05/2024,15/05/2024,Barcelona,Amsterdam
731,Nelson Thornton,27/06/2024,04/07/2024,Paris,Munich
732,Kendall Hendricks,20/05/2024,02/06/2024,Barcelona,Lisbon
733,Angela Rollins,17/05/2024,20/05/2024,Budapest,London
734,Amira Finley,02/06/2024,06/06/2024,Florence,Barcelona
735,Easton Santana,28/07/2024,09/08/2024,Amsterdam,Vienna
736,Tyree Navarro,01/05/2024,12/05/2024,Barcelona,Munich
737,Kimora Parsons,27/12/2024,09/01/2025,Lisbon,Berlin
738,Darian Hester,24/09/2024,01/10/2024,Vienna,Barcelona
739,Jorge Blair,26/08/2024,05/09/2024,London,Munich
740,Vaughn Cooke,08/11/2024,18/11/2024,Barcelona,Milan
741,Cadence Horne,27/04/2024,03/05/2024,Brussels,Paris
742,Zaid Pineda,03/06/2024,11/06/2024,Dublin,Barcelona
743,Gage Parks,23/08/2024,03/09/2024,Barcelona,Brussels
744,Marques Davis,02/12/2024,09/12/2024,Zurich,Paris
745,Maya Thornton,30/03/2024,13/04/2024,Barcelona,Dublin
746,Trent Day,13/08/2024,27/08/2024,Vienna,Milan
747,Khloe Castro,26/10/2024,02/11/2024,Milan,Barcelona
748,Nola Jimenez,02/09/2024,06/09/2024,Prague,Amsterdam
749,Giovanny Bradshaw,09/12/2024,20/12/2024,Lisbon,Madrid
750,Emerson Mann,18/09/2024,28/09/2024,Madrid,Milan
751,Antonio Mitchell,02/10/2024,08/10/2024,London,Rome
752,Ryder Booth,03/04/2024,13/04/2024,Barcelona,London
753,Lee Webster,14/12/2024,27/12/2024,Paris,Budapest
754,Jamir Davenport,03/06/2024,12/06/2024,Amsterdam,Barcelona
755,Felicity Hodges,07/02/2024,10/02/2024,Munich,London
756,Jayvon Ford,05/01/2024,17/01/2024,Barcelona,Prague
757,Kenyon Zuniga,27/05/2024,30/05/2024,Brussels,Lisbon
758,Gary Coffey,03/01/2024,15/01/2024,Dublin,Berlin
759,Angelina Herrera,23/08/2024,06/09/2024,London,Vienna
760,Sebastian Hale,30/06/2024,14/07/2024,Milan,Paris
761,Samuel Hayden,10/02/2024,19/02/2024,Madrid,Zurich
762,Henry Wiggins,14/02/2024,17/02/2024,Barcelona,Amsterdam
763,Cassie Browning,17/10/2024,23/10/2024,Paris,Munich
764,Karina Sparks,07/05/2024,20/05/2024,Barcelona,Lisbon
765,Jean Coleman,29/07/2024,05/08/2024,Budapest,London
766,Bryanna Dawson,26/11/2024,29/11/2024,Florence,Barcelona
767,Aracely Garcia,22/08/2024,26/08/2024,Amsterdam,Vienna
768,Genesis Fields,02/09/2024,15/09/2024,Barcelona,Munich
769,Levi Underwood,23/06/2024,28/06/2024,Prague,Barcelona
770,Abagail Lucas,21/04/2024,24/04/2024,Lisbon,Berlin
771,Layne Hess,10/06/2024,16/06/2024,Vienna,Barcelona
772,Sophie Cunningham,03/09/2024,12/09/2024,London,Munich
773,Donald Rivera,08/08/2024,13/08/2024,Barcelona,Milan
774,Byron Hernandez,02/10/2024,13/10/2024,Brussels,Paris
775,Harper Wong,12/04/2024,25/04/2024,Dublin,Barcelona
776,Campbell Russell,15/07/2024,22/07/2024,Barcelona,Brussels
777,Camryn Fitzgerald,07/11/2024,13/11/2024,Zurich,Paris
778,Rihanna Wells,25/11/2024,04/12/2024,Barcelona,Dublin
779,Adrien Henderson,03/09/2024,07/09/2024,Vienna,Milan
780,Jameson Zuniga,07/03/2024,11/03/2024,Milan,Barcelona
781,Tyrese Wilkinson,29/04/2024,07/05/2024,Prague,Amsterdam
782,Maren Roberson,28/11/2024,07/12/2024,Lisbon,Madrid
783,Aimee Huang,20/09/2024,26/09/2024,Madrid,Milan
784,Nyasia Webb,22/04/2024,06/05/2024,London,Rome
785,Kailee French,16/04/2024,23/04/2024,Barcelona,London
786,Scott Henry,08/02/2024,15/02/2024,Paris,Budapest
787,Felipe Graham,26/05/2024,01/06/2024,Amsterdam,Barcelona
788,Ashanti Jones,13/05/2024,20/05/2024,Munich,London
789,Derick Beck,23/03/2024,29/03/2024,Barcelona,Prague
790,Amaris Wolfe,10/12/2024,24/12/2024,Brussels,Lisbon
791,Alisha Clements,17/09/2024,22/09/2024,Dublin,Berlin
792,Khalil Kemp,10/06/2024,17/06/2024,Vienna,Barcelona
793,Ariella Wilkins,02/01/2024,13/01/2024,Milan,Paris
794,Dangelo Oconnell,24/02/2024,05/03/2024,Madrid,Zurich
795,Giuliana Fields,04/04/2024,16/04/2024,Barcelona,Amsterdam
796,Aylin Johnston,28/10/2024,31/10/2024,Paris,Munich
797,Braeden Trujillo,14/10/2024,22/10/2024,Barcelona,Lisbon
798,Esteban Pace,27/09/2024,04/10/2024,Budapest,London
799,Maverick Fry,26/01/2024,01/02/2024,Florence,Barcelona
800,Chana Mccormick,21/11/2024,30/11/2024,Amsterdam,Vienna
801,Belinda Camacho,03/01/2024,12/01/2024,Barcelona,Munich
802,Lucian Johns,09/12/2024,20/12/2024,Prague,Barcelona
803,Arnav Dodson,19/06/2024,26/06/2024,Lisbon,Berlin
804,Aldo Hester,17/05/2024,29/05/2024,Vienna,Barcelona
805,Lilian Lynch,13/07/2024,25/07/2024,London,Munich
806,Walter Krueger,30/06/2024,09/07/2024,Barcelona,Milan
807,Asher Holmes,21/12/2024,27/12/2024,Brussels,Paris
808,Paloma Pruitt,22/06/2024,25/06/2024,Dublin,Barcelona
809,Naomi Warren,16/11/2024,22/11/2024,Barcelona,Brussels
810,Mila Mckee,11/10/2024,21/10/2024,Zurich,Paris
811,Arabella Hogan,31/05/2024,08/06/2024,Barcelona,Dublin
812,Lorenzo Silva,06/03/2024,13/03/2024,Vienna,Milan
813,Levi Martinez,17/02/2024,20/02/2024,Milan,Barcelona
814,Camren Soto,07/01/2024,18/01/2024,Prague,Amsterdam
815,Jazlyn Hess,11/07/2024,16/07/2024,Lisbon,Madrid
816,Beckham Suarez,14/04/2024,17/04/2024,Madrid,Milan
817,Gauge Cervantes,20/02/2024,24/02/2024,London,Rome
818,Maddox Perry,16/08/2024,25/08/2024,Barcelona,London
819,Jaliyah Mendez,29/08/2024,07/09/2024,Paris,Budapest
820,Jovani Boyle,13/12/2024,21/12/2024,Amsterdam,Barcelona
821,Angel Blevins,10/04/2024,19/04/2024,Munich,London
822,Iris Oconnor,20/11/2024,23/11/2024,Barcelona,Prague
823,Penelope Bradford,26/05/2024,08/06/2024,Brussels,Lisbon
824,Chloe Kaufman,16/04/2024,19/04/2024,Dublin,Berlin
825,Daniel Hays,19/02/2024,27/02/2024,Vienna,Barcelona
826,Rebecca Zimmerman,21/08/2024,27/08/2024,London,Vienna
827,Lilly Buck,16/03/2024,26/03/2024,Madrid,Zurich
828,Lukas Schmidt,22/07/2024,02/08/2024,Barcelona,Amsterdam
829,Emilia Kidd,19/04/2024,24/04/2024,Paris,Munich
830,Giuliana Woodard,09/05/2024,20/05/2024,Barcelona,Lisbon
831,Macie Lewis,10/07/2024,18/07/2024,Budapest,London
832,Isabela Ellison,13/07/2024,16/07/2024,Florence,Barcelona
833,Taryn Harrington,30/05/2024,05/06/2024,Amsterdam,Vienna
834,Nathalia Stokes,14/12/2024,22/12/2024,Barcelona,Munich
835,Yadira Huffman,26/02/2024,11/03/2024,Prague,Barcelona
836,Jack Flynn,26/06/2024,05/07/2024,Lisbon,Berlin
837,Colt Farrell,31/08/2024,04/09/2024,Vienna,Barcelona
838,Jaelynn Thompson,28/01/2024,10/02/2024,London,Munich
839,Mateo Brooks,21/01/2024,28/01/2024,Barcelona,Milan
840,Malia Smith,05/08/2024,11/08/2024,Brussels,Paris
841,Jamari Gilbert,14/12/2024,28/12/2024,Dublin,Barcelona
842,Trevon Ritter,10/12/2024,22/12/2024,Barcelona,Brussels
843,Rohan Kelly,26/02/2024,01/03/2024,Zurich,Paris
844,Kyan Wall,17/01/2024,25/01/2024,Barcelona,Dublin
845,Destiney Schneider,04/11/2024,17/11/2024,Vienna,Milan
846,Felicity Rosales,31/12/2024,13/01/2025,Milan,Barcelona
847,Jaliyah Riley,17/03/2024,29/03/2024,Prague,Amsterdam
848,Jorge Fisher,30/03/2024,04/04/2024,Lisbon,Madrid
849,Taylor Barnes,03/11/2024,12/11/2024,Madrid,Milan
850,Octavio Walter,25/05/2024,08/06/2024,London,Rome
851,Kelvin Blackburn,02/04/2024,07/04/2024,Barcelona,London
852,Jamarcus Wilkins,28/03/2024,03/04/2024,Paris,Budapest
853,Trace Weber,17/03/2024,22/03/2024,Amsterdam,Barcelona
854,Owen Kerr,16/01/2024,23/01/2024,Munich,London
855,Trinity Abbott,08/08/2024,13/08/2024,Barcelona,Prague
856,Justine Patterson,30/05/2024,08/06/2024,Brussels,Lisbon
857,Cara Steele,24/02/2024,05/03/2024,Dublin,Berlin
858,Tristen Delacruz,22/05/2024,02/06/2024,Vienna,Barcelona
859,Leroy Acevedo,14/01/2024,19/01/2024,London,Vienna
860,London Chen,04/09/2024,09/09/2024,Milan,Paris
861,Alan Whitaker,05/12/2024,10/12/2024,Barcelona,Amsterdam
862,Cristofer Benitez,12/05/2024,22/05/2024,Paris,Munich
863,Natalia Valdez,22/03/2024,03/04/2024,Barcelona,Lisbon
864,Gillian Arellano,24/11/2024,01/12/2024,Budapest,London
865,Simon Best,10/02/2024,14/02/2024,Florence,Barcelona
866,Braylon Salas,05/10/2024,16/10/2024,Amsterdam,Vienna
867,Ryker Landry,10/03/2024,15/03/2024,Barcelona,Munich
868,Paityn White,11/01/2024,18/01/2024,Prague,Barcelona
869,Kendall Shaffer,03/01/2024,13/01/2024,Lisbon,Berlin
870,Wesley Fischer,15/05/2024,24/05/2024,Vienna,Barcelona
871,Lara Juarez,01/03/2024,09/03/2024,London,Munich
872,Makayla Meza,05/07/2024,18/07/2024,Barcelona,Milan
873,Cali Yates,03/12/2024,11/12/2024,Brussels,Paris
874,Juliet Wiggins,19/06/2024,01/07/2024,Dublin,Barcelona
875,Evan Brady,02/11/2024,15/11/2024,Barcelona,Brussels
876,Hugo Whitehead,18/10/2024,26/10/2024,Zurich,Paris
877,Quinton Evans,26/12/2024,02/01/2025,Barcelona,Dublin
878,Amber Huff,18/10/2024,23/10/2024,Vienna,Milan
879,Jaiden Levine,30/09/2024,03/10/2024,Milan,Barcelona
880,Jair Gamble,29/06/2024,05/07/2024,Prague,Amsterdam
881,Karley Griffin,22/09/2024,28/09/2024,Lisbon,Madrid
882,Faith Mccann,06/04/2024,14/04/2024,Madrid,Milan
883,Michelle Wade,26/04/2024,04/05/2024,London,Rome
884,Rayne Bates,15/06/2024,26/06/2024,Barcelona,London
885,Alvin Schmitt,28/11/2024,09/12/2024,Paris,Budapest
886,Jaylyn Kennedy,27/05/2024,30/05/2024,Amsterdam,Barcelona
887,Jocelynn Williams,01/09/2024,08/09/2024,Munich,London
888,Oliver Branch,09/06/2024,19/06/2024,Barcelona,Prague
889,Emerson Brady,27/07/2024,07/08/2024,Brussels,Lisbon
890,Elena Benson,10/06/2024,19/06/2024,Dublin,Berlin
891,Diego Lynn,08/04/2024,15/04/2024,Vienna,Barcelona
892,Dario Hensley,28/03/2024,05/04/2024,London,Vienna
893,Deja Mata,22/07/2024,26/07/2024,Milan,Paris
894,Sean Pitts,26/03/2024,08/04/2024,Madrid,Zurich
895,Patricia Ortega,06/04/2024,12/04/2024,Paris,Munich
896,Arthur Brewer,04/02/2024,09/02/2024,Barcelona,Lisbon
897,Enrique Christian,16/06/2024,23/06/2024,Budapest,London
898,Jesse Tapia,30/07/2024,03/08/2024,Florence,Barcelona
899,Braylon Malone,10/02/2024,24/02/2024,Amsterdam,Vienna
900,Duncan Henson,10/02/2024,16/02/2024,Barcelona,Munich
901,Damari Roy,15/02/2024,26/02/2024,Prague,Barcelona
902,Nathan Conway,14/06/2024,24/06/2024,Lisbon,Berlin
903,Daphne Mendez,15/02/2024,25/02/2024,Vienna,Barcelona
904,Madisyn Patrick,11/09/2024,22/09/2024,London,Munich
905,Bailey Cisneros,03/10/2024,11/10/2024,Barcelona,Milan
906,Janiya Riley,24/07/2024,02/08/2024,Brussels,Paris
907,Saul Castillo,23/05/2024,01/06/2024,Dublin,Barcelona
908,Maribel Brewer,17/09/2024,21/09/2024,Barcelona,Brussels
909,Andreas Ward,07/10/2024,12/10/2024,Zurich,Paris
910,Claudia Pitts,17/02/2024,26/02/2024,Barcelona,Dublin
911,Brock Bender,07/07/2024,16/07/2024,Vienna,Milan
912,Juliana Gregory,07/10/2024,17/10/2024,Milan,Barcelona
913,Elisabeth Cochran,26/07/2024,05/08/2024,Prague,Amsterdam
914,Cynthia Bentley,20/04/2024,27/04/2024,Lisbon,Madrid
915,Tobias Young,09/07/2024,20/07/2024,Madrid,Milan
916,Izabella Rowe,19/04/2024,23/04/2024,London,Rome
917,Cassandra Sims,21/09/2024,30/09/2024,Barcelona,London
918,Jovanni Ramirez,08/08/2024,18/08/2024,Paris,Budapest
919,Amaya Bruce,05/06/2024,10/06/2024,Amsterdam,Barcelona
920,Destinee Ruiz,12/07/2024,23/07/2024,Munich,London
921,Rhys Fuller,02/11/2024,10/11/2024,Barcelona,Prague
922,Addison Cisneros,06/12/2024,20/12/2024,Brussels,Lisbon
923,Gaven Pace,06/11/2024,20/11/2024,Dublin,Berlin
924,Amira Collins,23/12/2024,01/01/2025,Vienna,Barcelona
925,Cortez Kirby,19/12/2024,27/12/2024,London,Vienna
926,Davon Davenport,17/03/2024,20/03/2024,Milan,Paris
927,Serena Pena,19/03/2024,23/03/2024,Madrid,Zurich
928,Jenna Garcia,08/05/2024,17/05/2024,Barcelona,Amsterdam
929,Alejandra Russell,29/04/2024,06/05/2024,Paris,Munich
930,Reese Rivera,14/05/2024,21/05/2024,Barcelona,Lisbon
931,Alexzander Riddle,10/03/2024,22/03/2024,Budapest,London
932,Gillian Khan,06/10/2024,15/10/2024,Florence,Barcelona
933,Isabelle Pennington,15/07/2024,19/07/2024,Amsterdam,Vienna
934,Meadow Duke,19/07/2024,27/07/2024,Barcelona,Munich
935,Kole Hutchinson,02/02/2024,05/02/2024,Prague,Barcelona
936,Paloma Hancock,11/11/2024,23/11/2024,Lisbon,Berlin
937,Brent Mills,09/09/2024,22/09/2024,Vienna,Barcelona
938,Uriah Powell,31/07/2024,09/08/2024,London,Munich
939,Myles Bush,02/03/2024,11/03/2024,Barcelona,Milan